"qmap_id","basemap_id","description","h","target_dist","range","sill","SSErr","model","original_range"
1,1,"white noise",-2,"identity",63.3916922653916,0.000794830499469887,5.33128822424843e-08,"Exp",NA
2,1,"very weak autocorrelation",-0.5,"identity",138.576790355975,0.00245242557293664,1.084752916373e-07,"Exp",NA
3,1,"weak autocorrelation",0,"identity",409.892017586712,0.00607159579931284,1.74890164293927e-05,"Exp",NA
4,1,"strong autocorrelation",0.5,"identity",528.671265274237,0.0199302626466114,2.08928847776318e-05,"Exp",NA
5,1,"strong autocorrelation",1,"identity",1081.03974891912,0.0195672379992736,1.95718509155961e-05,"Gau",NA
6,1,"strong autocorrelation",1.3,"identity",2342.03251316855,0.0623219571457788,6.55700004178911e-06,"Gau",NA
7,1,"strong autocorrelation",1.9,"identity",3047.28417225722,0.0585501434283583,1.73350440264811e-07,"Gau",NA
8,3,"low autocorrelation, small Kimbe",-2,"identity",136.756733353568,0.00346555023125095,3.63721072077063e-08,"Exp",NA
9,3,"moderate autocorrelation, small Kimbe",0,"identity",138.076930738698,0.0205974951944164,1.54552679622142e-07,"Exp",NA
10,3,"moderate autocorrelation, small Kimbe",0.5,"identity",1381.37695435273,0.04168301685439,2.00264007630768e-06,"Sph",NA
11,3,"moderate autocorrelation, small Kimbe",1.5,"identity",26800.6626283718,21.4872311666943,5.27106723203156e-07,"Gau",NA
12,4,"(supposedly) low autocorrelation, medium Kimbe",-2,"identity",2144763.00569921,13.1533402806849,1.9009397720071e-07,"Gau",NA
13,4,"same habitat quality (0.5) everywhere, medium Kimbe",NA,"",NA,NA,NA,"",NA
14,1,"same habitat quality (0.5) everywhere, 5x5km",NA,"",NA,NA,NA,"",NA
15,5,"q=0.5 everywhere, 5x5km corners",NA,"",NA,NA,NA,"",NA
16,5,"white noise",-2,"identity",237.015906772011,0.00114048278287873,7.04582244993841e-08,"Sph",NA
17,6,"q=0.5 everywhere, 1x25km patches",NA,"",NA,NA,NA,"",NA
18,6,"white noise, 1x25km patches",-2,"identity",2427.38656185066,0,2.00039929194176e-08,"Gau",NA
19,2,"autocorr=6666, 1x25km full",1.85,"uniform",6666.11550736836,0.216717441989597,0.00122367351563356,"Gau",7547.24992388142
20,6,"autocorr=16184, 1x25km patchy",1.85,"uniform",16184.1702727836,0.135833248355394,0.00051858011640899,"Sph",7547.24992388142
21,2,"autocorr=8695, 1x25km full",1.05,"uniform",8694.8835937668,0.242055972661382,0.00425153967004649,"Gau",5226.98742324055
22,6,"autocorr=291414, 1x25km patchy",1.05,"uniform",291414.14690855,1.61580788234522,0.000154600233443463,"Sph",5226.98742324055
23,2,"autocorr=15, 1x25km full",-0.95,"uniform",14.9888631886472,0.0844215714207478,0.00770861131861141,"Gau",14.2844488255944
24,6,"autocorr=11, 1x25km patchy",-0.95,"uniform",11.4360839400286,0.0747741893393835,0.000460471392123033,"Exp",14.2844488255944
25,2,"autocorr=16306, 1x25km full",1.85,"uniform",16305.8498472834,0.583647405446582,0.00115319320975781,"Gau",7206.80467431069
26,6,"autocorr=208090, 1x25km patchy",1.85,"uniform",208089.821037246,1.17660916875284,0.000291619458593482,"Sph",7206.80467431069
27,2,"autocorr=9573, 1x25km full",1.85,"uniform",9572.78121366563,0.281927580101144,0.00334948915132973,"Gau",7386.58669857847
28,6,"autocorr=18670, 1x25km patchy",1.85,"uniform",18670.0086656841,0.144350109909688,0.000323907813977265,"Sph",7386.58669857847
29,2,"autocorr=4460, 1x25km full",0.45,"uniform",4459.96617499934,0.140437182311263,0.00660423895820972,"Exp",2814.32156299252
30,6,"autocorr=1738, 1x25km patchy",0.45,"uniform",1737.87461415356,0.0786636133814189,0.000602688456881881,"Exp",2814.32156299252
31,2,"autocorr=20730, 1x25km full",1.85,"uniform",20729.7252321804,0.867273817866807,0.00090671778412655,"Gau",9130.07842837981
32,6,"autocorr=8071, 1x25km patchy",1.85,"uniform",8071.49213328038,0.120931300259971,0.000259782021348851,"Gau",9130.07842837981
33,2,"autocorr=3900, 1x25km full",0.45,"uniform",3900.48516667231,0.119028337822869,0.00570047735993099,"Exp",1403.00039482237
34,6,"autocorr=2516, 1x25km patchy",0.45,"uniform",2516.42471542895,0.0984101901988016,0.000444188106588075,"Exp",1403.00039482237
35,2,"autocorr=8860, 1x25km full",1.85,"uniform",8860.10075312184,0.263888220343135,0.000515210591113178,"Gau",6388.09950471039
36,6,"autocorr=31417, 1x25km patchy",1.85,"uniform",31416.6965159691,0.185648454981417,0.000301498478471172,"Sph",6388.09950471039
37,2,"autocorr=179824, 1x25km full",1.05,"uniform",179824.302007413,1.69289857845403,0.0111735222089865,"Sph",4521.65555834797
38,6,"autocorr=211425, 1x25km patchy",1.05,"uniform",211425.231302539,1.1250007953108,0.000177064762471,"Sph",4521.65555834797
39,2,"autocorr=16, 1x25km full",-0.95,"uniform",16.0178879326666,0.0789978396522214,0.0125929482684291,"Gau",14.3285216830317
40,6,"autocorr=24, 1x25km patchy",-0.95,"uniform",23.6535124127273,0.0724050380542114,0.000893771917965327,"Sph",14.3285216830317
41,2,"autocorr=4942, 1x25km full",1.05,"uniform",4942.35024157826,0.156807323769377,0.00519691061536533,"Gau",5828.90509242881
42,6,"autocorr=1411, 1x25km patchy",1.05,"uniform",1411.31133239863,0.0808202316877621,0.000521061907601172,"Gau",5828.90509242881
43,2,"autocorr=4440, 1x25km full",1.05,"uniform",4439.64521897498,0.143109958670249,0.00560931512112201,"Gau",4296.44273390521
44,6,"autocorr=3078, 1x25km patchy",1.05,"uniform",3077.65890469297,0.0866290775784675,0.000241406115978999,"Gau",4296.44273390521
45,2,"autocorr=4965, 1x25km full",0.45,"uniform",4965.33115851042,0.133445304976471,0.00498692526882828,"Exp",1450.7595551378
46,6,"autocorr=2429, 1x25km patchy",0.45,"uniform",2428.94458008185,0.101789417200904,0.000243817833462933,"Exp",1450.7595551378
47,2,"autocorr=16, 1x25km full",-0.95,"uniform",16.4444711494937,0.0762514438718686,0.010257109039003,"Gau",14.3360092832121
48,6,"autocorr=13, 1x25km patchy",-0.95,"uniform",12.5417829815253,0.0665604768583187,0.000266502969089665,"Exp",14.3360092832121
49,2,"autocorr=2296, 1x25km full",0.45,"uniform",2296.38041760929,0.110792685579609,0.0018460085840597,"Exp",1779.39479858756
50,6,"autocorr=1549, 1x25km patchy",0.45,"uniform",1548.97184643082,0.0883134183473646,0.000436718293347895,"Exp",1779.39479858756
51,2,"autocorr=10240, 1x25km full",1.05,"uniform",10240.4745937628,0.158864396002385,0.00824191898147476,"Sph",5855.08364692093
52,6,"autocorr=1411, 1x25km patchy",1.05,"uniform",1410.99567930184,0.0894339685207372,0.000403288667654267,"Gau",5855.08364692093
53,2,"autocorr=4865, 1x25km full",1.05,"uniform",4864.94130818241,0.20959623363347,0.00807316381419866,"Gau",6206.44577096997
54,6,"autocorr=2854, 1x25km patchy",1.05,"uniform",2853.99773891419,0.105612825646129,0.000353789112354344,"Gau",6206.44577096997
55,2,"autocorr=15, 1x25km full",-0.95,"uniform",15.0944379546194,0.0856424274732968,0.00607062275386509,"Gau",14.313081794832
56,6,"autocorr=11, 1x25km patchy",-0.95,"uniform",11.3274265491961,0.0720041282255261,0.000252583369847825,"Exp",14.313081794832
57,2,"autocorr=1889, 1x25km full",0.45,"uniform",1888.74543662452,0.111907734037616,0.00427070934678895,"Exp",1821.57395517223
58,6,"autocorr=1028, 1x25km patchy",0.45,"uniform",1028.26108331172,0.0688685522541965,0.000672938425000573,"Exp",1821.57395517223
59,2,"autocorr=22840, 1x25km full",1.85,"uniform",22840.4203334254,1.03235621249699,0.000968256599048424,"Gau",9541.56017947219
60,6,"autocorr=215288, 1x25km patchy",1.85,"uniform",215288.48878773,1.2060237804625,0.000221110141379078,"Sph",9541.56017947219
61,2,"autocorr=16, 1x25km full",-0.95,"uniform",16.0160112432306,0.0749581948738976,0.0108316828309202,"Gau",14.3673554388746
62,6,"autocorr=14, 1x25km patchy",-0.95,"uniform",14.1185518995469,0.0509256506076255,0.000686936064816821,"Gau",14.3673554388746
63,2,"autocorr=5524, 1x25km full",1.05,"uniform",5524.44590302856,0.194793385723944,0.0036929970067626,"Gau",6409.35317388942
64,6,"autocorr=10214, 1x25km patchy",1.05,"uniform",10214.357041869,0.167470375645096,0.000236778778104781,"Exp",6409.35317388942
65,2,"autocorr=19950, 1x25km full",1.85,"uniform",19949.660148284,0.807601695633276,0.000825499926615781,"Gau",8682.87602819912
66,6,"autocorr=7997, 1x25km patchy",1.85,"uniform",7996.76654261288,0.11880802632718,0.000288807969780346,"Gau",8682.87602819912
67,2,"autocorr=4757, 1x25km full",1.05,"uniform",4757.22388507033,0.16130754041882,0.00526515583778466,"Gau",6234.78858808475
68,6,"autocorr=17900, 1x25km patchy",1.05,"uniform",17900.0893461789,0.137276083363302,0.000347844340864661,"Sph",6234.78858808475
69,2,"autocorr=274835, 1x25km full",1.05,"uniform",274835.449785051,2.55599505446068,0.00658361165999928,"Sph",4798.58068825848
70,6,"autocorr=38935, 1x25km patchy",1.05,"uniform",38935.147805166,0.237935836231903,0.000208370313649615,"Sph",4798.58068825848
71,2,"autocorr=15, 1x25km full",-0.95,"uniform",14.8885011401858,0.0835467482078484,0.00692911999534223,"Gau",14.31705416961
72,6,"autocorr=29, 1x25km patchy",-0.95,"uniform",28.9542664307234,0.0633953618662893,0.000385032805516064,"Sph",14.31705416961
73,2,"autocorr=5436, 1x25km full",1.05,"uniform",5436.06773408054,0.199997164169498,0.00242024356516839,"Gau",5189.85314060546
74,6,"autocorr=2230, 1x25km patchy",1.05,"uniform",2229.85200394982,0.10946292744979,0.000281036079708973,"Gau",5189.85314060546
75,2,"autocorr=14625, 1x25km full",1.85,"uniform",14625.4860463536,0.494147487501584,0.000961798729317753,"Gau",7413.56903228121
76,6,"autocorr=247182, 1x25km patchy",1.85,"uniform",247182.282118836,1.35952451688228,0.000255051447303183,"Sph",7413.56903228121
77,2,"autocorr=3851, 1x25km full",0.45,"uniform",3851.28859290392,0.13104903929902,0.00192810217872038,"Exp",2594.04986698868
78,6,"autocorr=1488, 1x25km patchy",0.45,"uniform",1488.4021436491,0.0848627993102915,0.000278964822109476,"Exp",2594.04986698868
79,2,"autocorr=4545, 1x25km full",1.05,"uniform",4544.59851335258,0.142227026545683,0.00423525542244424,"Gau",4503.67450237646
80,6,"autocorr=26310, 1x25km patchy",1.05,"uniform",26309.621311975,0.17618743657,0.000204364700911965,"Sph",4503.67450237646
81,2,"autocorr=6095, 1x25km full",1.85,"uniform",6094.80710523097,0.234601275389279,0.00504419844090197,"Gau",7150.34643158664
82,6,"autocorr=5626, 1x25km patchy",1.85,"uniform",5626.27562140227,0.130900935413678,0.000316995920951596,"Gau",7150.34643158664
83,2,"autocorr=1823, 1x25km full",0.45,"uniform",1822.71480074636,0.114628277022115,0.00516017011027235,"Exp",1394.8819628549
84,6,"autocorr=1965, 1x25km patchy",0.45,"uniform",1965.27105352598,0.103823399381483,0.000758197887944733,"Exp",1394.8819628549
85,2,"autocorr=14, 1x25km full",-0.95,"uniform",14.4997081619708,0.0841114675064367,0.00595763944325559,"Gau",14.3281345845129
86,6,"autocorr=12, 1x25km patchy",-0.95,"uniform",11.5782203167866,0.0716507528399764,0.00014424068481203,"Exp",14.3281345845129
87,2,"autocorr=2804, 1x25km full",0.45,"uniform",2804.4872645911,0.105481019683437,0.00301327894218389,"Exp",1647.11076487147
88,6,"autocorr=833, 1x25km patchy",0.45,"uniform",833.2307859369,0.0657426735079809,0.000280750816781627,"Exp",1647.11076487147
89,2,"autocorr=15, 1x25km full",-0.95,"uniform",14.8190853169439,0.0852266956025355,0.00623318401313741,"Gau",14.2788119164179
90,6,"autocorr=13, 1x25km patchy",-0.95,"uniform",12.6382500323507,0.0741451900352604,0.000268841009902016,"Exp",14.2788119164179
91,2,"autocorr=250392, 1x25km full",0.45,"uniform",250391.825092155,3.46613992653949,0.00620675376767214,"Exp",1418.27205986829
92,6,"autocorr=1706, 1x25km patchy",0.45,"uniform",1705.81196854742,0.0518347250677801,0.000694804881793143,"Exp",1418.27205986829
93,2,"autocorr=6566, 1x25km full",1.85,"uniform",6565.7066342925,0.244325797858584,0.00650786297703329,"Gau",8657.0221600753
94,6,"autocorr=5833, 1x25km patchy",1.85,"uniform",5833.42751030919,0.125731824519831,0.000320547498113789,"Gau",8657.0221600753
95,2,"autocorr=168588, 1x25km full",1.05,"uniform",168587.550274775,1.60894059571962,0.00879747624992356,"Sph",3971.31748050809
96,6,"autocorr=595835, 1x25km patchy",1.05,"uniform",595834.974770268,3.38744565681763,0.00010416687759229,"Sph",3971.31748050809
97,2,"autocorr=12822, 1x25km full",0.45,"uniform",12821.8214651006,0.237226315739995,0.00363773146998603,"Exp",2998.09348916568
98,6,"autocorr=1753, 1x25km patchy",0.45,"uniform",1752.59229055283,0.0784205394723706,0.000289665389151076,"Exp",2998.09348916568
99,2,"autocorr=20121, 1x25km full",1.85,"uniform",20121.4832986864,0.82481014321501,0.000980827614143971,"Gau",8590.63924118591
100,6,"autocorr=205841, 1x25km patchy",1.85,"uniform",205840.699280295,1.1532310520265,0.000286222637148018,"Sph",8590.63924118591
101,2,"autocorr=15, 1x25km full",-0.95,"uniform",15.1125669497035,0.0855795661060067,0.0069390399915066,"Gau",14.2918086144
102,6,"autocorr=12, 1x25km patchy",-0.95,"uniform",12.1037713994678,0.0724225643886649,0.000201941742175734,"Exp",14.2918086144
103,2,"autocorr=4805, 1x25km full",0.45,"uniform",4805.23252359438,0.131608363607711,0.00175416952939725,"Exp",2314.15835260764
104,6,"autocorr=955, 1x25km patchy",0.45,"uniform",954.598403929087,0.0814696064166762,0.000658194188379225,"Exp",2314.15835260764
105,2,"autocorr=19056, 1x25km full",1.85,"uniform",19056.1417992434,0.739335862501812,0.000998238257688244,"Gau",9172.42929407739
106,6,"autocorr=208604, 1x25km patchy",1.85,"uniform",208604.105635181,1.13137242975626,0.000269516988360553,"Sph",9172.42929407739
107,2,"autocorr=15, 1x25km full",-0.95,"uniform",15.1000609863066,0.0842272112729707,0.00672182755980724,"Gau",14.3379759819163
108,6,"autocorr=11, 1x25km patchy",-0.95,"uniform",11.1966755228515,0.0731142101753988,0.000305987888055712,"Exp",14.3379759819163
109,2,"autocorr=3411, 1x25km full",0.45,"uniform",3411.22856303905,0.114548483725327,0.00215921542336111,"Exp",3108.53439383625
110,6,"autocorr=1856, 1x25km patchy",0.45,"uniform",1856.11690303251,0.0757895080948162,0.000479132427260436,"Sph",3108.53439383625
111,2,"autocorr=5120, 1x25km full",1.05,"uniform",5119.77925934507,0.175657918946354,0.00395717965847428,"Gau",5295.59359132452
112,6,"autocorr=1717, 1x25km patchy",1.05,"uniform",1717.38357897985,0.0946747185464677,0.000290835752694637,"Gau",5295.59359132452
113,2,"autocorr=2225, 1x25km full",0.45,"uniform",2225.22492664767,0.109470564272444,0.00276545858249982,"Exp",1620.02760453783
114,6,"autocorr=1070, 1x25km patchy",0.45,"uniform",1069.87649741557,0.0796317446568226,0.00059424733208379,"Exp",1620.02760453783
115,2,"autocorr=3925, 1x25km full",1.05,"uniform",3925.4346432268,0.149695334976242,0.00874568903303216,"Gau",4024.62482377238
116,6,"autocorr=11278, 1x25km patchy",1.05,"uniform",11277.8007701181,0.124912401608873,0.000191657846656392,"Sph",4024.62482377238
117,2,"autocorr=7766, 1x25km full",1.85,"uniform",7766.48616327892,0.224949223856823,0.00168445582039403,"Gau",8531.86277034241
118,6,"autocorr=23650, 1x25km patchy",1.85,"uniform",23649.9055261472,0.161775707934152,0.000239070163749817,"Sph",8531.86277034241
119,2,"autocorr=15, 1x25km full",-0.95,"uniform",14.6991453397505,0.0848744012741337,0.00571974075184172,"Gau",14.3695119536675
120,6,"autocorr=11, 1x25km patchy",-0.95,"uniform",11.3717756013487,0.0787123819728882,0.000140564732652047,"Exp",14.3695119536675
121,2,"autocorr=15, 1x25km full",-0.95,"uniform",15.0956363745588,0.0858337170726437,0.00714678582962497,"Gau",14.3521901563233
122,6,"autocorr=11, 1x25km patchy",-0.95,"uniform",11.3968077406013,0.077824558099116,0.000113026527274629,"Exp",14.3521901563233
123,2,"autocorr=6617, 1x25km full",1.05,"uniform",6616.90847456573,0.185718852628354,0.00982705257495415,"Gau",6291.91986714018
124,6,"autocorr=202579, 1x25km patchy",1.05,"uniform",202578.613601739,1.08060043481267,0.000187389254470133,"Sph",6291.91986714018
125,2,"autocorr=184164, 1x25km full",1.05,"uniform",184164.07573,1.72425127191508,0.0132449353074647,"Sph",3985.28853556257
126,6,"autocorr=179525, 1x25km patchy",1.05,"uniform",179525.067854554,0.93453686031716,0.000245235107364089,"Sph",3985.28853556257
127,2,"autocorr=6443, 1x25km full",1.85,"uniform",6442.90250789176,0.212435194886706,0.00103871351315847,"Gau",9083.5615288503
128,6,"autocorr=20538, 1x25km patchy",1.85,"uniform",20538.4076899682,0.149239440107564,0.000351043181091996,"Sph",9083.5615288503
129,2,"autocorr=15, 1x25km full",-0.95,"uniform",14.7653190213573,0.0789252607717662,0.0108444045675306,"Gau",14.3098335146375
130,6,"autocorr=12, 1x25km patchy",-0.95,"uniform",11.9939552850229,0.0680265442031677,0.000304885304239312,"Exp",14.3098335146375
131,2,"autocorr=5991, 1x25km full",1.05,"uniform",5990.50023072702,0.183421977599349,0.00286393839484833,"Gau",4477.54731159938
132,6,"autocorr=3888, 1x25km patchy",1.05,"uniform",3887.95090713201,0.0978218326752439,0.000190556161828278,"Gau",4477.54731159938
133,2,"autocorr=3356, 1x25km full",0.45,"uniform",3356.47178997527,0.11648201230354,0.00697905721307665,"Exp",2379.22323263721
134,6,"autocorr=1291, 1x25km patchy",0.45,"uniform",1290.81462884921,0.0741058702347834,0.000203898751304454,"Exp",2379.22323263721
135,2,"autocorr=3648, 1x25km full",0.45,"uniform",3647.86998171265,0.122003161167854,0.0039361020876599,"Exp",1727.40165039067
136,6,"autocorr=3191, 1x25km patchy",0.45,"uniform",3190.77007624857,0.106054565740379,0.000190388279326004,"Exp",1727.40165039067
137,2,"autocorr=21125, 1x25km full",1.85,"uniform",21125.4967775771,0.901456694174017,0.00103381885026289,"Gau",9307.73459133299
138,6,"autocorr=211150, 1x25km patchy",1.85,"uniform",211149.812732047,1.22758691685514,0.000271824853414128,"Sph",9307.73459133299
139,2,"autocorr=2431, 1x25km full",0.45,"uniform",2431.22775240484,0.0971492994497325,0.00371974345494025,"Exp",1715.20391913023
140,6,"autocorr=1749, 1x25km patchy",0.45,"uniform",1748.63945223531,0.0582572063311002,0.00055462055234981,"Exp",1715.20391913023
141,2,"autocorr=5466, 1x25km full",1.05,"uniform",5466.44204453657,0.176039900937963,0.00193727595878266,"Gau",4896.83753848724
142,6,"autocorr=3351, 1x25km patchy",1.05,"uniform",3351.29783377791,0.0895123988291888,0.000303092491712113,"Gau",4896.83753848724
143,2,"autocorr=16, 1x25km full",-0.95,"uniform",16.0910511669405,0.0775064870826821,0.0108726721291092,"Gau",14.3010697231091
144,6,"autocorr=10, 1x25km patchy",-0.95,"uniform",10.2139880957973,0.0775410852896882,0.000220637894143332,"Exp",14.3010697231091
145,2,"autocorr=15, 1x25km full",-0.95,"uniform",14.9712695591048,0.085520852616755,0.00640264686845522,"Gau",14.3240631095071
146,6,"autocorr=12, 1x25km patchy",-0.95,"uniform",11.5994569903793,0.0729393510482065,0.000536977008770659,"Exp",14.3240631095071
147,2,"autocorr=4956, 1x25km full",1.05,"uniform",4955.77050576084,0.18237884673696,0.00221452015173304,"Gau",5507.18288395327
148,6,"autocorr=3328, 1x25km patchy",1.05,"uniform",3327.73322993622,0.11947979973002,0.000242600473502801,"Gau",5507.18288395327
149,2,"autocorr=13353, 1x25km full",1.85,"uniform",13353.3583516449,0.431208038547061,0.00352004656098027,"Gau",7245.84965564693
150,6,"autocorr=52812, 1x25km patchy",1.85,"uniform",52812.1063445422,0.288599691908455,0.000225793310935092,"Sph",7245.84965564693
151,2,"autocorr=19722, 1x25km full",1.85,"uniform",19721.9467356247,0.786643195727123,0.000901355323750675,"Gau",9313.7012814522
152,6,"autocorr=204528, 1x25km patchy",1.85,"uniform",204528.197972099,1.14318555851492,0.000293862594767092,"Sph",9313.7012814522
153,2,"autocorr=2307, 1x25km full",0.45,"uniform",2307.19182717226,0.101347137808129,0.0065634169660619,"Exp",1375.51814945822
154,6,"autocorr=1598, 1x25km patchy",0.45,"uniform",1597.59340898187,0.0856052405727733,0.000210710595106957,"Exp",1375.51814945822
155,2,"autocorr=9400, 1x25km full",1.05,"uniform",9400.1855941389,0.257675565847214,0.00723463067981707,"Gau",4163.01243556557
156,6,"autocorr=315062, 1x25km patchy",1.05,"uniform",315062.03975356,1.74560551541897,8.89891606451744e-05,"Sph",4163.01243556557
157,2,"autocorr=4480, 1x25km full",1.05,"uniform",4479.70835774581,0.176534715783581,0.00692381556484073,"Gau",4493.67960775173
158,6,"autocorr=2548, 1x25km patchy",1.05,"uniform",2547.75232208733,0.12887240112268,0.000335818076696621,"Gau",4493.67960775173
159,2,"autocorr=15, 1x25km full",-0.95,"uniform",15.1381206360792,0.0844707924794763,0.00792844258186706,"Gau",14.3249312074976
160,6,"autocorr=12, 1x25km patchy",-0.95,"uniform",12.0049908486932,0.0707498520709515,0.000276460334925902,"Exp",14.3249312074976
161,2,"autocorr=12, 1x25km full",-0.95,"uniform",12.3022536519149,0.0819417709558026,0.0157562760101493,"Gau",14.2748264388075
162,6,"autocorr=15, 1x25km patchy",-0.95,"uniform",14.7189990577527,0.0606363968320653,0.000151717645605495,"Exp",14.2748264388075
163,2,"autocorr=15, 1x25km full",-0.95,"uniform",14.6845269467209,0.0847805112989629,0.0074269227669516,"Gau",14.2734040396105
164,6,"autocorr=10, 1x25km patchy",-0.95,"uniform",9.85687528429322,0.082689862737944,0.000188107499896889,"Exp",14.2734040396105
165,2,"autocorr=5620, 1x25km full",1.85,"uniform",5620.31871156975,0.197965894303013,0.00174215488799905,"Gau",6827.15554487909
166,6,"autocorr=1514, 1x25km patchy",1.85,"uniform",1514.41425689734,0.0961959930606247,0.000833830045916877,"Gau",6827.15554487909
167,2,"autocorr=4100, 1x25km full",0.45,"uniform",4099.72281890336,0.117513523972238,0.00610493176451784,"Exp",1637.55199080162
168,6,"autocorr=1177, 1x25km patchy",0.45,"uniform",1176.54925879842,0.0604591332349911,0.00055721171069128,"Exp",1637.55199080162
169,2,"autocorr=13622, 1x25km full",1.85,"uniform",13622.27571977,0.466201382292036,0.00220720727627679,"Gau",6172.97195685246
170,6,"autocorr=40232, 1x25km patchy",1.85,"uniform",40232.0276247943,0.246867473603004,0.000289070064067384,"Sph",6172.97195685246
171,2,"autocorr=13090, 1x25km full",1.05,"uniform",13089.5329262179,0.40821802877059,0.00514677609285239,"Gau",6082.59952442252
172,6,"autocorr=352814, 1x25km patchy",1.05,"uniform",352814.357840547,1.96561968331655,0.00016982079889444,"Sph",6082.59952442252
173,2,"autocorr=15, 1x25km full",-0.95,"uniform",15.0351144293029,0.0858844275299976,0.00829157913057635,"Gau",14.3424229847661
174,6,"autocorr=11, 1x25km patchy",-0.95,"uniform",10.7514824936976,0.0784569369215667,0.000366173274705788,"Exp",14.3424229847661
175,2,"autocorr=15, 1x25km full",-0.95,"uniform",14.9499741894939,0.0841217440677399,0.00647783084987885,"Gau",14.360363696859
176,6,"autocorr=12, 1x25km patchy",-0.95,"uniform",11.7985330332384,0.0671839496994962,0.000150014686424495,"Exp",14.360363696859
177,2,"autocorr=15, 1x25km full",-0.95,"uniform",14.644819314591,0.083909959997439,0.00620072626412115,"Gau",14.267960974955
178,6,"autocorr=16, 1x25km patchy",-0.95,"uniform",15.5697362556288,0.0512092345646042,0.000537366565145714,"Gau",14.267960974955
179,2,"autocorr=21717, 1x25km full",1.85,"uniform",21717.2628976933,0.925169869826127,0.000707264729154953,"Gau",8466.41521234584
180,6,"autocorr=202463, 1x25km patchy",1.85,"uniform",202462.87601433,1.13559736045245,0.00029140324375221,"Sph",8466.41521234584
181,2,"autocorr=3453, 1x25km full",0.45,"uniform",3453.27656117787,0.11986359435564,0.00302846493136336,"Exp",2148.35740684205
182,6,"autocorr=3841, 1x25km patchy",0.45,"uniform",3841.12004018435,0.0867964634421943,0.000301746782263859,"Sph",2148.35740684205
183,2,"autocorr=11234, 1x25km full",1.85,"uniform",11233.8931366942,0.34202023817798,0.00329609037164262,"Gau",8136.01415694338
184,6,"autocorr=21479, 1x25km patchy",1.85,"uniform",21478.8558678181,0.153376525240328,0.000304057552924317,"Sph",8136.01415694338
185,2,"autocorr=2731, 1x25km full",0.45,"uniform",2730.64234054147,0.103510670641446,0.00618632904769057,"Exp",1506.32863111692
186,6,"autocorr=911, 1x25km patchy",0.45,"uniform",910.922013970076,0.0764778351645041,0.000319102909205725,"Exp",1506.32863111692
187,2,"autocorr=4105, 1x25km full",0.45,"uniform",4105.31197486051,0.132087191999091,0.00286460020070187,"Exp",2952.20247816419
188,6,"autocorr=1035, 1x25km patchy",0.45,"uniform",1035.36915937876,0.0831021997600774,0.000366484945996698,"Exp",2952.20247816419
189,2,"autocorr=6037, 1x25km full",1.05,"uniform",6037.23206067591,0.215276463109747,0.00485958949315615,"Gau",6409.1268961163
190,6,"autocorr=13598, 1x25km patchy",1.05,"uniform",13598.3535923319,0.131100150414132,0.000645453862046783,"Sph",6409.1268961163
191,2,"autocorr=16, 1x25km full",-0.95,"uniform",15.6170786738857,0.0833126371293592,0.00914085000418757,"Gau",14.2969757048006
192,6,"autocorr=13, 1x25km patchy",-0.95,"uniform",12.8071661148211,0.0692327142129616,0.000144584693598861,"Exp",14.2969757048006
193,2,"autocorr=3327, 1x25km full",0.45,"uniform",3326.75599899539,0.113224439037903,0.00437803134426062,"Exp",1510.56363757908
194,6,"autocorr=2554, 1x25km patchy",0.45,"uniform",2553.8213379225,0.0965860243490147,0.000405274242673646,"Exp",1510.56363757908
195,2,"autocorr=18678, 1x25km full",1.85,"uniform",18678.1756725067,0.724945255551577,0.000951079016940271,"Gau",8491.82117501734
196,6,"autocorr=7995, 1x25km patchy",1.85,"uniform",7995.36059655257,0.118326274145499,0.000271799794927535,"Gau",8491.82117501734
197,2,"autocorr=170726, 1x25km full",0.45,"uniform",170725.720671917,1.55667535832079,0.0071627029079042,"Sph",2994.35879377512
198,6,"autocorr=1341441, 1x25km patchy",0.45,"uniform",1341441.00843897,11.2994331411886,0.000329638338183033,"Exp",2994.35879377512
199,2,"autocorr=20178, 1x25km full",1.85,"uniform",20177.5397208099,0.829067431845856,0.00100183414476573,"Gau",8934.85416490453
200,6,"autocorr=7810, 1x25km patchy",1.85,"uniform",7809.96998802423,0.117497195307543,0.000288056745607972,"Gau",8934.85416490453
201,2,"autocorr=5345, 1x25km full",1.85,"uniform",5345.13302073701,0.211253769084482,0.00370504779107816,"Gau",6936.98353540092
202,6,"autocorr=14816, 1x25km patchy",1.85,"uniform",14816.2103783487,0.130789058527044,0.000557244737580398,"Sph",6936.98353540092
203,2,"autocorr=19126, 1x25km full",1.85,"uniform",19126.3167402956,0.753328487162123,0.000865183904315931,"Gau",9286.3511434822
204,6,"autocorr=202377, 1x25km patchy",1.85,"uniform",202377.275691721,1.10233208649008,0.000273442673097473,"Sph",9286.3511434822
205,2,"autocorr=15, 1x25km full",-0.95,"uniform",14.7984866484084,0.0853441658573293,0.00826377129460041,"Gau",14.2763370280755
206,6,"autocorr=10, 1x25km patchy",-0.95,"uniform",10.269040135828,0.079417002356337,0.000342717218129412,"Exp",14.2763370280755
207,2,"autocorr=7179, 1x25km full",0.45,"uniform",7178.6095984885,0.172638152660854,0.00452870326569299,"Exp",3061.58090715846
208,6,"autocorr=5584, 1x25km patchy",0.45,"uniform",5584.05170458183,0.10774397563914,0.00028037965918973,"Sph",3061.58090715846
209,2,"autocorr=244047, 1x25km full",1.05,"uniform",244047.149709761,2.34045424220276,0.00503737088145361,"Sph",4235.98572003063
210,6,"autocorr=18375, 1x25km patchy",1.05,"uniform",18375.3713630703,0.144878273608695,0.000135577579956912,"Sph",4235.98572003063
211,2,"autocorr=9890, 1x25km full",1.05,"uniform",9889.87165551099,0.275004862102061,0.00706429299660924,"Gau",4331.12633910939
212,6,"autocorr=288100, 1x25km patchy",1.05,"uniform",288099.674075683,1.64013417865927,0.000124782669412096,"Sph",4331.12633910939
213,2,"autocorr=15, 1x25km full",-0.95,"uniform",14.8913765019186,0.0848235112133772,0.00699291216017846,"Gau",14.3316305643951
214,6,"autocorr=13, 1x25km patchy",-0.95,"uniform",13.2654828567976,0.0697262099141276,0.000145789783465031,"Exp",14.3316305643951
215,2,"autocorr=15, 1x25km full",-0.95,"uniform",15.4167676873725,0.081975941222918,0.00820212158661027,"Gau",14.3059234050369
216,6,"autocorr=12, 1x25km patchy",-0.95,"uniform",12.4438747581383,0.0674745594777693,0.000100027469431101,"Exp",14.3059234050369
217,2,"autocorr=3446, 1x25km full",0.45,"uniform",3445.79524031332,0.131912395449241,0.00538263467091002,"Exp",2972.10039704151
218,6,"autocorr=1703, 1x25km patchy",0.45,"uniform",1703.04060089692,0.0911546385382525,0.00117611095301128,"Exp",2972.10039704151
219,1,"autocorr=989, 5x5km full",0.35,"uniform",989.370247371698,0.106460257127707,0.00423705991042927,"Exp",789.085416671274
220,5,"autocorr=244, 5x5km patchy",0.35,"uniform",243.68469096153,0.0831494236004457,0.00127891755285756,"Exp",789.085416671274
221,1,"autocorr=2041, 5x5km full",0.75,"uniform",2040.87642025976,0.0958472373556294,0.00399582490202034,"Sph",1310.57617963063
222,5,"autocorr=591, 5x5km patchy",0.75,"uniform",590.957304495448,0.105565710782686,0.000312992558987275,"Gau",1310.57617963063
223,1,"autocorr=1976, 5x5km full",1.95,"uniform",1975.70162000982,0.145326423978999,0.000994519677286487,"Gau",2596.51706873386
224,5,"autocorr=1647, 5x5km patchy",1.95,"uniform",1646.65150517197,0.194110273783758,2.85287114750231e-05,"Gau",2596.51706873386
225,1,"autocorr=2069, 5x5km full",0.35,"uniform",2068.54522018042,0.0951694189871084,0.00782128414250055,"Sph",830.612117003755
226,5,"autocorr=247, 5x5km patchy",0.35,"uniform",247.162226643794,0.0585706200364075,0.000606549303496897,"Exp",830.612117003755
227,1,"autocorr=1406, 5x5km full",0.75,"uniform",1405.91239235663,0.115332324661273,0.00202240607846477,"Gau",1366.51140478182
228,5,"autocorr=667, 5x5km patchy",0.75,"uniform",666.843368227802,0.0523009733609182,0.000327856423012809,"Exp",1366.51140478182
229,1,"autocorr=15, 5x5km full",-1,"uniform",14.9739230561787,0.0850392987228781,0.00845331531882684,"Gau",14.163946047013
230,5,"autocorr=9, 5x5km patchy",-1,"uniform",8.97894183827624,0.0782463407737239,0.000335251161202261,"Exp",14.163946047013
231,1,"autocorr=1089, 5x5km full",0.35,"uniform",1088.67020623715,0.106083205910947,0.00730280790299992,"Exp",840.423364412167
232,5,"autocorr=251, 5x5km patchy",0.35,"uniform",251.342767930178,0.0918702373772678,0.000625428425809881,"Exp",840.423364412167
233,1,"autocorr=15, 5x5km full",-1,"uniform",15.423038594191,0.0831053868645237,0.00920326427009172,"Gau",14.218975683113
234,5,"autocorr=24, 5x5km patchy",-1,"uniform",23.9944586513132,0.0674822341750144,0.000558241257258417,"Sph",14.218975683113
235,1,"autocorr=1462, 5x5km full",0.75,"uniform",1462.27553065958,0.118717421976678,0.0012995986363726,"Gau",1421.17949110074
236,5,"autocorr=1678, 5x5km patchy",0.75,"uniform",1677.6921315665,0.17494866959799,0.000694668114964067,"Sph",1421.17949110074
237,1,"autocorr=1744, 5x5km full",0.75,"uniform",1743.76007067125,0.133120654410075,0.00457014677433188,"Gau",1787.45561731733
238,5,"autocorr=259, 5x5km patchy",0.75,"uniform",259.344183731345,0.0378797502799957,0.000242362344160976,"Gau",1787.45561731733
239,1,"autocorr=2860, 5x5km full",1.95,"uniform",2860.16229692603,0.203300583213767,0.00018288101800652,"Gau",2539.85148765558
240,5,"autocorr=1815, 5x5km patchy",1.95,"uniform",1815.16499317232,0.230735895163624,2.02827709349056e-05,"Gau",2539.85148765558
241,1,"autocorr=1992, 5x5km full",1.95,"uniform",1992.10608873458,0.146663423757829,0.00151076427076118,"Gau",2207.72812706694
242,5,"autocorr=1589, 5x5km patchy",1.95,"uniform",1589.29171955116,0.220457370185506,8.57963164782984e-05,"Gau",2207.72812706694
243,1,"autocorr=1513, 5x5km full",0.75,"uniform",1512.65862780803,0.116079436776395,0.00401993794050255,"Gau",1307.41297289581
244,5,"autocorr=283, 5x5km patchy",0.75,"uniform",283.43279289745,0.0924597182649567,5.954179067008e-05,"Exp",1307.41297289581
245,1,"autocorr=1483, 5x5km full",0.75,"uniform",1482.72976514484,0.119573274188834,0.00304118035276638,"Gau",1418.40992045139
246,5,"autocorr=1414, 5x5km patchy",0.75,"uniform",1413.59684147946,0.0759460295970694,8.84140476593566e-05,"Exp",1418.40992045139
247,1,"autocorr=1064, 5x5km full",0.35,"uniform",1064.41620299084,0.0992723687649057,0.00487083418008544,"Exp",751.825664313567
248,5,"autocorr=204, 5x5km patchy",0.35,"uniform",204.221641308733,0.0533285459936309,0.000288197132108939,"Exp",751.825664313567
249,1,"autocorr=896, 5x5km full",0.35,"uniform",895.666479211213,0.0949659821197749,0.00326515286401836,"Exp",814.078268917618
250,5,"autocorr=1158, 5x5km patchy",0.35,"uniform",1158.46178284981,0.113082632477286,0.000557403118518386,"Exp",814.078268917618
251,1,"autocorr=2354, 5x5km full",1.95,"uniform",2354.09468048382,0.16793242850478,0.000204411031091931,"Gau",2198.55078634288
252,5,"autocorr=1433, 5x5km patchy",1.95,"uniform",1432.84053237173,0.177728703691615,5.47643392269808e-05,"Gau",2198.55078634288
253,1,"autocorr=966, 5x5km full",0.35,"uniform",966.142650706626,0.0986893777327569,0.00502504434338431,"Exp",767.193231270453
254,5,"autocorr=133, 5x5km patchy",0.35,"uniform",132.782106990191,0.0765709494712777,0.000462767690148512,"Exp",767.193231270453
255,1,"autocorr=1348, 5x5km full",0.75,"uniform",1348.45815982213,0.125071538681192,0.0141577551916762,"Gau",1206.9732349702
256,5,"autocorr=563, 5x5km patchy",0.75,"uniform",563.204776963187,0.141723034119628,0.00101281434477742,"Gau",1206.9732349702
257,1,"autocorr=855, 5x5km full",0.35,"uniform",854.956070927776,0.100743344819453,0.00356654823671397,"Exp",707.15074727748
258,5,"autocorr=252, 5x5km patchy",0.35,"uniform",252.209945345121,0.0849825418604534,0.000397850758759937,"Exp",707.15074727748
259,1,"autocorr=760, 5x5km full",0.35,"uniform",760.415213867477,0.100460718146587,0.0042610727358823,"Exp",641.208321101407
260,5,"autocorr=146, 5x5km patchy",0.35,"uniform",145.937476833569,0.0817038524024418,0.00043418826360216,"Exp",641.208321101407
261,1,"autocorr=789, 5x5km full",0.35,"uniform",788.847660211343,0.0932121732726457,0.00547054669127753,"Exp",688.928794082925
262,5,"autocorr=359, 5x5km patchy",0.35,"uniform",359.07561620595,0.0554547218004644,0.000221825956668035,"Exp",688.928794082925
263,1,"autocorr=2355, 5x5km full",0.75,"uniform",2354.90547702861,0.0992209483416665,0.00353012969496807,"Sph",1724.12509993109
264,5,"autocorr=3032, 5x5km patchy",0.75,"uniform",3032.32822229614,0.274945436509,2.73165275430026e-05,"Exp",1724.12509993109
265,1,"autocorr=3286, 5x5km full",1.95,"uniform",3285.6501400137,0.244840180316675,0.000667591986247733,"Gau",2692.36087372495
266,5,"autocorr=1551, 5x5km patchy",1.95,"uniform",1551.36665804934,0.197653957384143,6.80851970146519e-05,"Gau",2692.36087372495
267,1,"autocorr=15, 5x5km full",-1,"uniform",14.8951873009222,0.0864318979912909,0.00524729170452133,"Gau",14.2146614081676
268,5,"autocorr=13, 5x5km patchy",-1,"uniform",12.5206963372417,0.0667893992533492,0.000195529144464565,"Exp",14.2146614081676
269,1,"autocorr=1289, 5x5km full",0.35,"uniform",1288.94713367896,0.105253640021815,0.00831226933638165,"Exp",885.724099113861
270,5,"autocorr=289, 5x5km patchy",0.35,"uniform",289.006702981555,0.0919064469554144,0.000675656884355576,"Exp",885.724099113861
271,1,"autocorr=3102, 5x5km full",1.95,"uniform",3101.53415000135,0.226295581453169,0.000479408378568349,"Gau",2760.71819319974
272,5,"autocorr=1397, 5x5km patchy",1.95,"uniform",1397.3253683275,0.201629411843873,8.90400888107182e-06,"Gau",2760.71819319974
273,1,"autocorr=1109, 5x5km full",0.35,"uniform",1108.5204837492,0.0977269278494905,0.007661121205499,"Exp",883.841265362869
274,5,"autocorr=176, 5x5km patchy",0.35,"uniform",176.42252082628,0.0838239308502133,0.00071849294293025,"Exp",883.841265362869
275,1,"autocorr=1737, 5x5km full",0.75,"uniform",1737.05134942494,0.126426383732086,0.00296668906723187,"Gau",1774.46085318731
276,5,"autocorr=446, 5x5km patchy",0.75,"uniform",445.819359361731,0.0317343983590247,0.000958618900562997,"Gau",1774.46085318731
277,1,"autocorr=2588, 5x5km full",1.95,"uniform",2587.66701005728,0.184787600343814,0.00103708772237251,"Gau",2296.50853415144
278,5,"autocorr=1887, 5x5km patchy",1.95,"uniform",1887.47556378144,0.251102989048656,4.574231001263e-06,"Gau",2296.50853415144
279,1,"autocorr=2361, 5x5km full",1.95,"uniform",2361.03050749552,0.169665964453294,0.00487144997809441,"Gau",2246.54981617253
280,5,"autocorr=1977, 5x5km patchy",1.95,"uniform",1976.68035623748,0.267533214940086,7.82635432575907e-06,"Gau",2246.54981617253
281,1,"autocorr=2819, 5x5km full",1.95,"uniform",2818.50099909916,0.202596704201635,0.000118568846453208,"Gau",2414.06959943335
282,5,"autocorr=1932, 5x5km patchy",1.95,"uniform",1931.90769831908,0.255075274930683,2.12938047730883e-05,"Gau",2414.06959943335
283,1,"autocorr=953, 5x5km full",0.35,"uniform",953.072690831937,0.103161018804375,0.00387955900199046,"Exp",899.175453057053
284,5,"autocorr=243, 5x5km patchy",0.35,"uniform",242.602807888072,0.0928852704988842,0.000504989177828052,"Exp",899.175453057053
285,1,"autocorr=15, 5x5km full",-1,"uniform",14.7339675330832,0.0853219572592381,0.00941802644147754,"Gau",14.1979828373636
286,5,"autocorr=12, 5x5km patchy",-1,"uniform",11.7639155860506,0.073961523956858,0.000245974617246957,"Exp",14.1979828373636
287,1,"autocorr=2114, 5x5km full",0.75,"uniform",2113.50059557868,0.142056613361117,0.00735271749033209,"Exp",1899.93818086211
288,5,"autocorr=932, 5x5km patchy",0.75,"uniform",932.235849045006,0.101882919882786,0.000316693475616482,"Sph",1899.93818086211
289,1,"autocorr=2662, 5x5km full",0.75,"uniform",2662.07889589694,0.103783838229754,0.00214171583966307,"Sph",1982.22860231069
290,5,"autocorr=5125, 5x5km patchy",0.75,"uniform",5125.26607512621,0.171324558115996,7.25802013455467e-05,"Sph",1982.22860231069
291,1,"autocorr=3013, 5x5km full",1.95,"uniform",3013.22019097841,0.213218213752019,0.00117641953794506,"Gau",2713.26047669468
292,5,"autocorr=1276, 5x5km patchy",1.95,"uniform",1275.70628384357,0.466158566193324,0.00190913753419204,"Gau",2713.26047669468
293,1,"autocorr=16, 5x5km full",-1,"uniform",15.9661291621639,0.0825153886644002,0.0114809124249766,"Gau",14.1776350591339
294,5,"autocorr=10, 5x5km patchy",-1,"uniform",10.2708386550264,0.0787509778381321,0.0003075204059082,"Exp",14.1776350591339
295,1,"autocorr=2187, 5x5km full",0.75,"uniform",2187.04488736504,0.0997144536478422,0.00312918979004481,"Sph",1253.13274974329
296,5,"autocorr=612, 5x5km patchy",0.75,"uniform",611.737622572769,0.119984780628186,0.000113686825559171,"Exp",1253.13274974329
297,1,"autocorr=15, 5x5km full",-1,"uniform",14.5535716001118,0.0850048429853963,0.00598614502895577,"Gau",14.2122768790712
298,5,"autocorr=13, 5x5km patchy",-1,"uniform",12.5289101617747,0.0685982472319566,0.000133163809704642,"Exp",14.2122768790712
299,1,"autocorr=1054, 5x5km full",0.35,"uniform",1053.51677407167,0.103928258861651,0.00642711540684178,"Exp",847.323781851544
300,5,"autocorr=221, 5x5km patchy",0.35,"uniform",221.485846995829,0.0347339663188208,0.000221581342584297,"Exp",847.323781851544
301,1,"autocorr=2168, 5x5km full",1.95,"uniform",2167.86536095686,0.155889560992865,0.000277837349488481,"Gau",2503.80336072669
302,5,"autocorr=1415, 5x5km patchy",1.95,"uniform",1415.34717929926,0.262060339198815,0.00026403652691283,"Gau",2503.80336072669
303,1,"autocorr=14, 5x5km full",-1,"uniform",14.4715818079739,0.0846894172501593,0.00661562934020868,"Gau",14.2301135256951
304,5,"autocorr=11, 5x5km patchy",-1,"uniform",10.8578135339222,0.0743987882689517,0.00034296123654153,"Exp",14.2301135256951
305,1,"autocorr=14, 5x5km full",-1,"uniform",14.47456787638,0.0855858398111631,0.00747382537521451,"Gau",14.1990850631814
306,5,"autocorr=10, 5x5km patchy",-1,"uniform",10.3508044751728,0.0782573145471902,0.000337990945083218,"Exp",14.1990850631814
307,1,"autocorr=1947, 5x5km full",0.75,"uniform",1946.50704820748,0.134537160155489,0.00321188201438081,"Gau",1606.51366365735
308,5,"autocorr=1956863, 5x5km patchy",0.75,"uniform",1956863.38842209,86.7947667542433,9.5345209225196e-05,"Exp",1606.51366365735
309,1,"autocorr=1378, 5x5km full",0.75,"uniform",1378.05320800907,0.122889130393392,0.00918688677950661,"Gau",1292.51504125033
310,5,"autocorr=1437, 5x5km patchy",0.75,"uniform",1437.33548250707,0.162205489836963,0.00032187105216844,"Sph",1292.51504125033
311,1,"autocorr=2723, 5x5km full",0.75,"uniform",2723.48430455325,0.163129727498012,0.0025058033836118,"Exp",1936.26485076534
312,5,"autocorr=372, 5x5km patchy",0.75,"uniform",371.689619132608,0.105716746581034,0.000786865930243345,"Gau",1936.26485076534
313,1,"autocorr=2427, 5x5km full",1.95,"uniform",2427.2997487573,0.175324730361714,0.00188368792521004,"Gau",2229.06495599475
314,5,"autocorr=851, 5x5km patchy",1.95,"uniform",851.24414555461,0.067086967167699,0.000756810296879879,"Gau",2229.06495599475
315,1,"autocorr=928, 5x5km full",0.35,"uniform",928.031403881146,0.0997749466281181,0.00363633679425777,"Exp",783.280589568112
316,5,"autocorr=626, 5x5km patchy",0.35,"uniform",626.171798384041,0.135740753805343,0.00111409364940331,"Exp",783.280589568112
317,1,"autocorr=1786, 5x5km full",0.75,"uniform",1785.51345896885,0.128705423407907,0.00368977087279801,"Gau",1840.30781088388
318,5,"autocorr=489, 5x5km patchy",0.75,"uniform",488.584239098944,0.131714736225958,0.00102734966002337,"Gau",1840.30781088388
319,1,"autocorr=15, 5x5km full",-1,"uniform",14.583629646427,0.0847701120255211,0.0078246024101599,"Gau",14.179913032706
320,5,"autocorr=11, 5x5km patchy",-1,"uniform",10.6229252451942,0.0811943298043589,0.000150187794952124,"Exp",14.179913032706
321,1,"autocorr=1150, 5x5km full",0.35,"uniform",1150.41460926698,0.100667642889636,0.00565172279203804,"Exp",912.707062009602
322,5,"autocorr=296, 5x5km patchy",0.35,"uniform",296.08790043654,0.0755844794930849,0.00144261707913384,"Exp",912.707062009602
323,1,"autocorr=1376, 5x5km full",0.75,"uniform",1375.69893375713,0.120774008182414,0.00420866259352072,"Gau",1260.46892082546
324,5,"autocorr=1941, 5x5km patchy",0.75,"uniform",1941.2571542969,0.182331781101807,0.00132189398037032,"Sph",1260.46892082546
325,1,"autocorr=2650, 5x5km full",1.95,"uniform",2649.90910431587,0.187569120639009,0.00054053811371354,"Gau",2320.59183331513
326,5,"autocorr=1827, 5x5km patchy",1.95,"uniform",1827.09478973471,0.235007477174658,3.10025734987386e-05,"Gau",2320.59183331513
327,1,"autocorr=15, 5x5km full",-1,"uniform",14.8966338695355,0.084997716521795,0.00741788699205621,"Gau",14.2284566783106
328,5,"autocorr=12, 5x5km patchy",-1,"uniform",12.0413550365353,0.073054294156396,0.000276873982407791,"Exp",14.2284566783106
329,1,"autocorr=2067, 5x5km full",1.95,"uniform",2066.89530504284,0.153143302567453,0.0015193658246618,"Gau",2248.78531816308
330,5,"autocorr=1698, 5x5km patchy",1.95,"uniform",1698.19883766752,0.232799701294277,3.30205681891309e-05,"Gau",2248.78531816308
331,1,"autocorr=16, 5x5km full",-1,"uniform",16.276738582679,0.0769919849281624,0.0109902272886245,"Gau",14.1701059779594
332,5,"autocorr=29, 5x5km patchy",-1,"uniform",29.2299182846392,0.0660671083460332,0.00120635881896468,"Sph",14.1701059779594
333,1,"autocorr=15, 5x5km full",-1,"uniform",14.8609912017103,0.0859758452130337,0.00921837063696315,"Gau",14.1723044403386
334,5,"autocorr=30, 5x5km patchy",-1,"uniform",29.7852064256481,0.064553997573447,0.00121891728435073,"Sph",14.1723044403386
335,1,"autocorr=1726, 5x5km full",0.75,"uniform",1725.55561754008,0.127090501656389,0.00323710525213827,"Exp",1641.22716878155
336,5,"autocorr=4269, 5x5km patchy",0.75,"uniform",4268.79010906472,0.323351838917371,0.000144751606243435,"Exp",1641.22716878155
337,1,"autocorr=2375, 5x5km full",1.95,"uniform",2375.37591174792,0.166922092769159,0.000574847980123473,"Gau",2442.52144180099
338,5,"autocorr=1464, 5x5km patchy",1.95,"uniform",1464.00231314224,0.256646614844499,0.000168085749250471,"Gau",2442.52144180099
339,1,"autocorr=15, 5x5km full",-1,"uniform",14.6890577881868,0.0859565302972373,0.0059177466852576,"Gau",14.1841874317435
340,5,"autocorr=13, 5x5km patchy",-1,"uniform",12.8191600142599,0.0696349779057091,0.000206391618534152,"Exp",14.1841874317435
341,1,"autocorr=2588, 5x5km full",1.95,"uniform",2587.56393979408,0.187087647306305,0.000508550508004081,"Gau",2289.262951708
342,5,"autocorr=1451, 5x5km patchy",1.95,"uniform",1450.74850914396,0.24642246090548,0.000277835438412923,"Gau",2289.262951708
343,1,"autocorr=15, 5x5km full",-1,"uniform",14.9183643511873,0.0850974470629029,0.00916551242429755,"Gau",14.1396517607273
344,5,"autocorr=29, 5x5km patchy",-1,"uniform",29.3571301269127,0.0693255735664788,0.000617589649919813,"Sph",14.1396517607273
345,1,"autocorr=1261, 5x5km full",0.75,"uniform",1260.64243121824,0.106687848237943,0.00314208550197538,"Gau",1221.48615442314
346,5,"autocorr=2217, 5x5km patchy",0.75,"uniform",2216.5960736491,0.239661156087546,0.000813768660528965,"Sph",1221.48615442314
347,1,"autocorr=15, 5x5km full",-1,"uniform",14.8873728104569,0.0850152572749447,0.00852928698900042,"Gau",14.1507924546034
348,5,"autocorr=11, 5x5km patchy",-1,"uniform",10.7770348098215,0.0661450914921324,0.000326556590307858,"Exp",14.1507924546034
349,1,"autocorr=2854, 5x5km full",1.95,"uniform",2854.29888941966,0.200838541656185,0.00254002141371226,"Gau",2651.1495026279
350,5,"autocorr=1206, 5x5km patchy",1.95,"uniform",1206.39338689372,0.417484981529406,0.00139761319281947,"Gau",2651.1495026279
351,1,"autocorr=2034, 5x5km full",1.95,"uniform",2033.78394362798,0.148681737564246,0.000650303317236589,"Gau",2271.8483533214
352,5,"autocorr=1453, 5x5km patchy",1.95,"uniform",1453.12624412169,0.28948657979463,0.000298940854635953,"Gau",2271.8483533214
353,1,"autocorr=2776, 5x5km full",1.95,"uniform",2776.01808143847,0.195482391559551,0.000357508295664047,"Gau",2485.95441887906
354,5,"autocorr=1562, 5x5km patchy",1.95,"uniform",1561.75007607537,0.178720583323404,8.2915108104624e-05,"Gau",2485.95441887906
355,1,"autocorr=15, 5x5km full",-1,"uniform",14.9918495454571,0.0852288947567275,0.00750311931472725,"Gau",14.178361895133
356,5,"autocorr=10, 5x5km patchy",-1,"uniform",10.301679049,0.0817248041390362,0.000397126476007403,"Exp",14.178361895133
357,1,"autocorr=15, 5x5km full",-1,"uniform",14.6476458058007,0.085836324052065,0.00654918838721212,"Gau",14.1875832309216
358,5,"autocorr=12, 5x5km patchy",-1,"uniform",11.8715203159602,0.0703593910582728,0.000283094714830328,"Exp",14.1875832309216
359,1,"autocorr=15, 5x5km full",-1,"uniform",14.8311357768182,0.0859072326882859,0.00747328227411741,"Gau",14.2314799177001
360,5,"autocorr=10, 5x5km patchy",-1,"uniform",10.4824800262268,0.0774864164280785,0.000246310037344644,"Exp",14.2314799177001
361,1,"autocorr=733, 5x5km full",0.35,"uniform",732.621622943574,0.0933643940367766,0.00335742685664318,"Exp",671.26156289802
362,5,"autocorr=564, 5x5km patchy",0.35,"uniform",563.567313338135,0.0923072015028678,0.00120583973302776,"Exp",671.26156289802
363,1,"autocorr=2389, 5x5km full",0.75,"uniform",2388.83146931255,0.170437906843686,0.0060144105201197,"Gau",2107.25969308546
364,5,"autocorr=79255, 5x5km patchy",0.75,"uniform",79254.5667443301,2.35256677203192,0.000249235582418418,"Sph",2107.25969308546
365,1,"autocorr=16, 5x5km full",-1,"uniform",15.5011546902045,0.0761507484660707,0.012672161316821,"Gau",14.1733946287986
366,5,"autocorr=10, 5x5km patchy",-1,"uniform",9.61057187507413,0.0766828222401861,0.000428886069998391,"Exp",14.1733946287986
367,1,"autocorr=2183, 5x5km full",0.75,"uniform",2182.85975054977,0.152371806883036,0.0034422855758612,"Gau",1732.29601315955
368,5,"autocorr=1091, 5x5km patchy",0.75,"uniform",1090.57583119623,0.11452556293021,0.00018170989712223,"Sph",1732.29601315955
369,1,"autocorr=1267, 5x5km full",0.35,"uniform",1266.70917312372,0.101718591001409,0.0110043529829601,"Exp",864.883027403527
370,5,"autocorr=1449, 5x5km patchy",0.35,"uniform",1449.08365031376,0.122819606914871,0.000379064970311438,"Sph",864.883027403527
371,1,"autocorr=2294, 5x5km full",0.75,"uniform",2294.46581829664,0.164069844860949,0.00218330930601088,"Gau",1954.77111972073
372,5,"autocorr=563, 5x5km patchy",0.75,"uniform",563.365251645545,0.13823495984016,0.000441281510892859,"Gau",1954.77111972073
373,1,"autocorr=2605, 5x5km full",1.95,"uniform",2604.95726509002,0.182668125091056,0.00125692865705391,"Gau",2425.34823887967
374,5,"autocorr=1075, 5x5km patchy",1.95,"uniform",1074.96257195955,0.361616637522882,0.000964531034183255,"Gau",2425.34823887967
375,1,"autocorr=15, 5x5km full",-1,"uniform",14.7329802949794,0.0858030350232685,0.00677805852157113,"Gau",14.1288611827622
376,5,"autocorr=11, 5x5km patchy",-1,"uniform",10.7481427438913,0.0733795386340046,0.000287490465023425,"Exp",14.1288611827622
377,1,"autocorr=1796, 5x5km full",0.35,"uniform",1796.46487976205,0.0928189022331424,0.00359864612693305,"Sph",801.234068297852
378,5,"autocorr=1163, 5x5km patchy",0.35,"uniform",1162.5846910434,0.115565605120843,0.000289562140515084,"Sph",801.234068297852
379,1,"autocorr=3122, 5x5km full",1.95,"uniform",3121.51439344387,0.228564940741079,0.000106308897684747,"Gau",2479.68859584109
380,5,"autocorr=1406, 5x5km patchy",1.95,"uniform",1406.1601049953,0.179213308952646,8.94709438143031e-05,"Gau",2479.68859584109
381,1,"autocorr=1880, 5x5km full",0.75,"uniform",1879.67437869816,0.137553147551086,0.00826145895687724,"Gau",1669.92125737184
382,5,"autocorr=549, 5x5km patchy",0.75,"uniform",549.170354789991,0.0782027122992556,0.00046718191048318,"Gau",1669.92125737184
383,1,"autocorr=1073, 5x5km full",0.35,"uniform",1073.33983244526,0.103616988802239,0.00544914236740711,"Exp",884.755406029592
384,5,"autocorr=317, 5x5km patchy",0.35,"uniform",316.818391176682,0.093225312370212,0.000662124131888204,"Exp",884.755406029592
385,1,"autocorr=15, 5x5km full",-1,"uniform",14.7267497762107,0.0865653195827575,0.00662587226316163,"Gau",14.2049874253296
386,5,"autocorr=10, 5x5km patchy",-1,"uniform",9.78596307708504,0.0799943027667066,0.000223167713356239,"Exp",14.2049874253296
387,1,"autocorr=2511, 5x5km full",1.95,"uniform",2510.66056126296,0.178382972304171,0.00191007456011916,"Gau",2299.00256581026
388,5,"autocorr=1645, 5x5km patchy",1.95,"uniform",1644.70550702116,0.191194555662129,3.23038860134712e-06,"Gau",2299.00256581026
389,1,"autocorr=15, 5x5km full",-1,"uniform",14.7332078882533,0.0850352578924838,0.00687575465150149,"Gau",14.2008855154756
390,5,"autocorr=13, 5x5km patchy",-1,"uniform",12.7459393692979,0.0538955345544193,0.000282573372378352,"Gau",14.2008855154756
391,1,"autocorr=3130, 5x5km full",1.95,"uniform",3129.69733828298,0.22758311257739,0.000181589779733453,"Gau",2688.20595387535
392,5,"autocorr=1964, 5x5km patchy",1.95,"uniform",1964.38146232054,0.268552087462909,9.9455165096943e-06,"Gau",2688.20595387535
393,1,"autocorr=1095, 5x5km full",0.35,"uniform",1094.94483397396,0.0981790080203796,0.00982439966442675,"Exp",808.146691981604
394,5,"autocorr=155, 5x5km patchy",0.35,"uniform",154.641912575591,0.079223061406598,0.00147796620024289,"Exp",808.146691981604
395,1,"autocorr=2676, 5x5km full",0.75,"uniform",2676.26153751617,0.100991995513067,0.00943991835519258,"Sph",2083.10782011639
396,5,"autocorr=302, 5x5km patchy",0.75,"uniform",302.473556726117,0.0781000734149923,0.00042696229860404,"Gau",2083.10782011639
397,1,"autocorr=1815, 5x5km full",1.95,"uniform",1815.12848889598,0.136642076350851,0.00123180629179395,"Gau",2388.49462186737
398,5,"autocorr=1679, 5x5km patchy",1.95,"uniform",1679.35651511813,0.221263251027903,3.93013208371789e-05,"Gau",2388.49462186737
399,1,"autocorr=980, 5x5km full",0.35,"uniform",979.701436530544,0.098653776154425,0.00500206629039075,"Exp",793.929490898594
400,5,"autocorr=534, 5x5km patchy",0.35,"uniform",534.207308903919,0.117880975851204,0.00118494529180011,"Exp",793.929490898594
401,1,"autocorr=2214, 5x5km full",1.95,"uniform",2214.41126133434,0.161542722656974,0.00108820431019202,"Gau",2229.83911016814
402,5,"autocorr=1274, 5x5km patchy",1.95,"uniform",1274.00180028917,0.364448876853616,0.000832433853661597,"Gau",2229.83911016814
403,1,"autocorr=15, 5x5km full",-1,"uniform",14.8381932788461,0.0849746880192323,0.00768494575947857,"Gau",14.1345709015716
404,5,"autocorr=13, 5x5km patchy",-1,"uniform",13.4135847786105,0.0580235668892851,0.000160073077689854,"Exp",14.1345709015716
405,1,"autocorr=988, 5x5km full",0.35,"uniform",987.859062425916,0.0981490826733809,0.00702366715526913,"Exp",794.433632393705
406,5,"autocorr=130, 5x5km patchy",0.35,"uniform",130.198697970642,0.0639566497353709,0.00107571211159833,"Exp",794.433632393705
407,1,"autocorr=758, 5x5km full",0.35,"uniform",757.718655414366,0.0889508545643766,0.00689348086433257,"Exp",672.323006618435
408,5,"autocorr=1550, 5x5km patchy",0.35,"uniform",1550.03163522294,0.158958762435974,0.000617773422668936,"Sph",672.323006618435
409,1,"autocorr=1466, 5x5km full",0.75,"uniform",1465.74148443907,0.12065056710388,0.00167297199242168,"Exp",1225.42677873211
410,5,"autocorr=1869, 5x5km patchy",0.75,"uniform",1868.64219696883,0.146723451105507,9.34400603095184e-05,"Sph",1225.42677873211
411,1,"autocorr=15, 5x5km full",-1,"uniform",14.566098673372,0.0860186578022143,0.0053948380859975,"Gau",14.2118789732094
412,5,"autocorr=10, 5x5km patchy",-1,"uniform",10.4517401887059,0.0782473010102521,0.000119040341764326,"Exp",14.2118789732094
413,1,"autocorr=878, 5x5km full",0.35,"uniform",878.248865366414,0.0993561701702363,0.00220015519634221,"Exp",740.027170791395
414,5,"autocorr=740, 5x5km patchy",0.35,"uniform",740.267573164561,0.155503536271694,0.00143483982208051,"Exp",740.027170791395
415,1,"autocorr=793, 5x5km full",0.35,"uniform",792.537994360818,0.100085736853444,0.00720303717485236,"Exp",670.607212063484
416,5,"autocorr=294, 5x5km patchy",0.35,"uniform",294.204068420423,0.0886254595986738,0.00074721775768874,"Exp",670.607212063484
417,1,"autocorr=15, 5x5km full",-1,"uniform",14.6637978395499,0.0851802602139596,0.00767102284378094,"Gau",14.1205310046003
418,5,"autocorr=10, 5x5km patchy",-1,"uniform",10.2555990300782,0.0812121054947994,0.00023682912739926,"Exp",14.1205310046003
419,4,"Kimbe, very low autocorrelation",-1.98,uniform,14.0515837349922,0.0872728336752862,0.00259941264909858,Gau,14.0515837349922
420,4,"Kimbe, very low autocorrelation",-1.98,uniform,14.0948427399459,0.0901072340177219,0.00406631760502773,Gau,14.0948427399459
421,4,"Kimbe, very low autocorrelation",-1.98,uniform,14.0491247344647,0.0885966312374429,0.0024276626092842,Gau,14.0491247344647
422,4,"Kimbe, very low autocorrelation",-1.98,uniform,14.047010474705,0.0875470256426176,0.00158810334832538,Gau,14.047010474705
423,4,"Kimbe, very low autocorrelation",-1.98,uniform,14.0394398456621,0.0822924848696199,0.0035568944221723,Gau,14.0394398456621
424,4,"Kimbe, very low autocorrelation",-1.98,uniform,14.038484051067,0.087153763126198,0.00302304385513322,Gau,14.038484051067
425,4,"Kimbe, very low autocorrelation",-1.98,uniform,14.1093819610667,0.088636338455174,0.0025961651593485,Gau,14.1093819610667
426,4,"Kimbe, very low autocorrelation",-1.98,uniform,14.0367427364945,0.0889985621064224,0.00373108291315933,Gau,14.0367427364945
427,4,"Kimbe, very low autocorrelation",-1.98,uniform,14.0350352059479,0.0879160127941025,0.00318297059116922,Gau,14.0350352059479
428,4,"Kimbe, very low autocorrelation",-1.98,uniform,14.1121446378824,0.0897808265020128,0.00260202218203389,Gau,14.1121446378824
429,4,"Kimbe, very low autocorrelation",-1.98,uniform,14.1131693299621,0.0889840225431981,0.00317262672632158,Gau,14.1131693299621
430,4,"Kimbe, very low autocorrelation",-1.98,uniform,14.115374479765,0.088450986196311,0.00263270852133861,Gau,14.115374479765
431,4,"Kimbe, very low autocorrelation",-1.98,uniform,14.0250769769378,0.0872061657671104,0.00243387510074191,Gau,14.0250769769378
432,4,"Kimbe, very low autocorrelation",-1.98,uniform,14.0163138610239,0.0898535287575009,0.003225403667272,Gau,14.0163138610239
433,4,"Kimbe, very low autocorrelation",-1.98,uniform,14.0153381049418,0.0894632592025951,0.00293824041146941,Gau,14.0153381049418
434,4,"Kimbe, very low autocorrelation",-1.98,uniform,14.0091864936793,0.088461407003157,0.00213361411200133,Gau,14.0091864936793
435,4,"Kimbe, very low autocorrelation",-1.98,uniform,14.0079557809333,0.0889939402001793,0.00247663445998151,Gau,14.0079557809333
436,4,"Kimbe, very low autocorrelation",-1.98,uniform,14.0075574952468,0.0895974255213576,0.00296441147338875,Gau,14.0075574952468
437,4,"Kimbe, very low autocorrelation",-1.98,uniform,14.149816942418,0.0887830627664243,0.00263366856653235,Gau,14.149816942418
438,4,"Kimbe, very low autocorrelation",-1.98,uniform,14.1521910385034,0.088487683948866,0.00306231894985599,Gau,14.1521910385034
439,4,"Kimbe, very low autocorrelation",-1.98,uniform,13.9921177028455,0.0888526286436718,0.00308545126049863,Gau,13.9921177028455
440,4,"Kimbe, very low autocorrelation",-1.98,uniform,13.9908726871718,0.0883406931099644,0.00302783164750034,Gau,13.9908726871718
441,4,"Kimbe, very low autocorrelation",-1.98,uniform,13.9908270103776,0.0882044569120203,0.00253636064317822,Gau,13.9908270103776
442,4,"Kimbe, very low autocorrelation",-1.98,uniform,13.9855327988111,0.0889808910197875,0.00289783940217209,Gau,13.9855327988111
443,4,"Kimbe, very low autocorrelation",-1.98,uniform,14.1626036980823,0.0886938094871134,0.0018456494196024,Gau,14.1626036980823
444,4,"Kimbe, low autocorrelation",0.42,uniform,2880.00245671668,0.0992125814861591,0.000232947560193968,Exp,2880.00245671668
445,4,"Kimbe, low autocorrelation",0.42,uniform,2926.1810258865,0.0756476708011363,0.000398877226191123,Exp,2926.1810258865
446,4,"Kimbe, low autocorrelation",0.42,uniform,2946.57756988116,0.109446938039489,0.000890802685309007,Gau,2946.57756988116
447,4,"Kimbe, low autocorrelation",0.42,uniform,2953.20890621471,0.102221958683603,0.000324863644445342,Exp,2953.20890621471
448,4,"Kimbe, low autocorrelation",0.42,uniform,2794.26119894568,0.0902777638298028,0.000241929412110717,Exp,2794.26119894568
449,4,"Kimbe, low autocorrelation",0.42,uniform,2789.25642605566,0.0913243635447739,0.000315304429308726,Exp,2789.25642605566
450,4,"Kimbe, low autocorrelation",0.42,uniform,2983.13227062729,0.0936009270240268,0.000303431083039369,Exp,2983.13227062729
451,4,"Kimbe, low autocorrelation",0.42,uniform,2758.92958518718,0.0981954761760581,0.000189658972935235,Exp,2758.92958518718
452,4,"Kimbe, low autocorrelation",0.42,uniform,3043.79274051094,0.10159868295772,0.000294928555105267,Exp,3043.79274051094
453,4,"Kimbe, low autocorrelation",0.42,uniform,2690.64365590438,0.086453350465804,0.000440887205245351,Exp,2690.64365590438
454,4,"Kimbe, low autocorrelation",0.42,uniform,3136.05202070397,0.0947612457452933,0.000152926530777803,Exp,3136.05202070397
455,4,"Kimbe, low autocorrelation",0.42,uniform,3181.6618363435,0.0908990059584794,9.17994438096422e-05,Exp,3181.6618363435
456,4,"Kimbe, low autocorrelation",0.42,uniform,2561.05470805455,0.0967775996576169,0.000284121431624936,Exp,2561.05470805455
457,4,"Kimbe, low autocorrelation",0.42,uniform,2558.12815072963,0.0869130346398373,0.000345808038993654,Exp,2558.12815072963
458,4,"Kimbe, low autocorrelation",0.42,uniform,2556.37504390392,0.100920652171134,0.000463609693236026,Exp,2556.37504390392
459,4,"Kimbe, low autocorrelation",0.42,uniform,2495.98781442174,0.0745960720637536,0.000184528950264835,Exp,2495.98781442174
460,4,"Kimbe, low autocorrelation",0.42,uniform,2494.91581505172,0.0871465147152707,0.000410256563589201,Exp,2494.91581505172
461,4,"Kimbe, low autocorrelation",0.42,uniform,2478.5519770855,0.0733938022688608,0.000178404618106553,Exp,2478.5519770855
462,4,"Kimbe, low autocorrelation",0.42,uniform,3300.65471924108,0.0798747368022968,0.00026859133369527,Exp,3300.65471924108
463,4,"Kimbe, low autocorrelation",0.42,uniform,3325.14191061508,0.0848575391720472,0.000424688441635356,Gau,3325.14191061508
464,4,"Kimbe, low autocorrelation",0.42,uniform,2428.69342505489,0.0973694550141224,0.000155255542865611,Exp,2428.69342505489
465,4,"Kimbe, low autocorrelation",0.42,uniform,3331.72837621322,0.108756211726865,0.000284877037324785,Exp,3331.72837621322
466,4,"Kimbe, low autocorrelation",0.42,uniform,3402.73497289511,0.085287568445113,6.82835327018605e-05,Exp,3402.73497289511
467,4,"Kimbe, low autocorrelation",0.42,uniform,2325.72577343448,0.0729211223896952,0.000329213231714162,Exp,2325.72577343448
468,4,"Kimbe, low autocorrelation",0.42,uniform,2225.20082638824,0.0693416051547602,0.000322309762982177,Exp,2225.20082638824
469,4,"Kimbe, moderate autocorrelation",1.02,uniform,7964.07952295428,0.156468831694137,2.64547311461429e-05,Gau,7964.07952295428
470,4,"Kimbe, moderate autocorrelation",1.02,uniform,7839.40745449482,0.150637508771121,0.000354279573629677,Gau,7839.40745449482
471,4,"Kimbe, moderate autocorrelation",1.02,uniform,8052.91567205274,0.187375622041396,0.000517371554346359,Gau,8052.91567205274
472,4,"Kimbe, moderate autocorrelation",1.02,uniform,7663.31480223223,0.106982618925737,0.000127668349942328,Gau,7663.31480223223
473,4,"Kimbe, moderate autocorrelation",1.02,uniform,8256.18621746978,0.174562765027202,0.000427760707487128,Gau,8256.18621746978
474,4,"Kimbe, moderate autocorrelation",1.02,uniform,7545.61476447225,0.130855391088745,0.000332338176505124,Gau,7545.61476447225
475,4,"Kimbe, moderate autocorrelation",1.02,uniform,8299.53117844454,0.2193592610765,0.000571422154938912,Gau,8299.53117844454
476,4,"Kimbe, moderate autocorrelation",1.02,uniform,8324.39995243677,0.177860539695662,0.000414761371674539,Gau,8324.39995243677
477,4,"Kimbe, moderate autocorrelation",1.02,uniform,8334.9699495187,0.199382661302455,0.000244928179544812,Gau,8334.9699495187
478,4,"Kimbe, moderate autocorrelation",1.02,uniform,8404.41262126321,0.155965942862274,4.94431386533163e-05,Gau,8404.41262126321
479,4,"Kimbe, moderate autocorrelation",1.02,uniform,8405.68223037497,0.118978859261943,0.00017301328945533,Gau,8405.68223037497
480,4,"Kimbe, moderate autocorrelation",1.02,uniform,8415.66061747566,0.139824235387073,9.43407499255441e-05,Gau,8415.66061747566
481,4,"Kimbe, moderate autocorrelation",1.02,uniform,8452.51562860912,0.180908986498362,5.2050793609604e-05,Gau,8452.51562860912
482,4,"Kimbe, moderate autocorrelation",1.02,uniform,7279.53376565042,0.153778136951443,0.000398837937589604,Gau,7279.53376565042
483,4,"Kimbe, moderate autocorrelation",1.02,uniform,8529.96866486538,0.139780885288966,4.26480077000935e-05,Gau,8529.96866486538
484,4,"Kimbe, moderate autocorrelation",1.02,uniform,8533.64317814204,0.158753485438833,0.000118969780414234,Gau,8533.64317814204
485,4,"Kimbe, moderate autocorrelation",1.02,uniform,8609.92622371424,0.165681176289424,0.000190781134887734,Gau,8609.92622371424
486,4,"Kimbe, moderate autocorrelation",1.02,uniform,8717.69943137281,0.16699967450644,0.000361860901344711,Gau,8717.69943137281
487,4,"Kimbe, moderate autocorrelation",1.02,uniform,7025.37057792803,0.138587134824803,7.64406222080329e-05,Gau,7025.37057792803
488,4,"Kimbe, moderate autocorrelation",1.02,uniform,6950.28877269403,0.131070987506786,0.000186376724664857,Gau,6950.28877269403
489,4,"Kimbe, moderate autocorrelation",1.02,uniform,8890.92377190778,0.158872651373813,0.000191035536951655,Gau,8890.92377190778
490,4,"Kimbe, moderate autocorrelation",1.02,uniform,8904.22736939117,0.148973457774468,0.000418291197960626,Gau,8904.22736939117
491,4,"Kimbe, moderate autocorrelation",1.02,uniform,8919.91656788041,0.172720045453773,0.000467934500817928,Gau,8919.91656788041
492,4,"Kimbe, moderate autocorrelation",1.02,uniform,8925.22390399422,0.175813257263753,0.000408935735708961,Gau,8925.22390399422
493,4,"Kimbe, moderate autocorrelation",1.02,uniform,8960.29784536067,0.168004645630418,0.000151193942766571,Gau,8960.29784536067
494,4,"Kimbe, high autocorrelation",1.62,uniform,10593.8391297887,0.20344873356836,5.24619769211269e-05,Gau,10593.8391297887
495,4,"Kimbe, high autocorrelation",1.62,uniform,10436.9576113876,0.153784998126121,5.77722860193336e-05,Gau,10436.9576113876
496,4,"Kimbe, high autocorrelation",1.62,uniform,10603.583957213,0.198207810278408,4.79976827942022e-05,Gau,10603.583957213
497,4,"Kimbe, high autocorrelation",1.62,uniform,10625.6168407906,0.190337546603267,4.94649281362766e-05,Gau,10625.6168407906
498,4,"Kimbe, high autocorrelation",1.62,uniform,10391.9761620157,0.180718805155025,4.72625645704982e-05,Gau,10391.9761620157
499,4,"Kimbe, high autocorrelation",1.62,uniform,10671.9652749517,0.249989567147922,8.98087830175976e-05,Gau,10671.9652749517
500,4,"Kimbe, high autocorrelation",1.62,uniform,10755.202301311,0.183202434945939,4.76549073244325e-05,Gau,10755.202301311
501,4,"Kimbe, high autocorrelation",1.62,uniform,10786.5201644413,0.188246138136562,4.20365672126249e-05,Gau,10786.5201644413
502,4,"Kimbe, high autocorrelation",1.62,uniform,10238.4541774236,0.191291604381198,4.57756888079257e-05,Gau,10238.4541774236
503,4,"Kimbe, high autocorrelation",1.62,uniform,10799.1212072218,0.219931324753533,3.93168913285566e-05,Gau,10799.1212072218
504,4,"Kimbe, high autocorrelation",1.62,uniform,10811.4319627308,0.209715440176742,6.55447774315489e-05,Gau,10811.4319627308
505,4,"Kimbe, high autocorrelation",1.62,uniform,10155.3066697453,0.187718184304382,4.50634995375788e-05,Gau,10155.3066697453
506,4,"Kimbe, high autocorrelation",1.62,uniform,10152.8964797756,0.196173101714765,5.05599293110054e-05,Gau,10152.8964797756
507,4,"Kimbe, high autocorrelation",1.62,uniform,10124.0003594581,0.176472526704957,5.40628816942761e-05,Gau,10124.0003594581
508,4,"Kimbe, high autocorrelation",1.62,uniform,10051.912191547,0.19676043878114,5.73450733140637e-05,Gau,10051.912191547
509,4,"Kimbe, high autocorrelation",1.62,uniform,10994.6634813697,0.17171115074725,1.42732681159269e-05,Gau,10994.6634813697
510,4,"Kimbe, high autocorrelation",1.62,uniform,11051.0128734073,0.189297585805801,5.60371769009418e-05,Gau,11051.0128734073
511,4,"Kimbe, high autocorrelation",1.62,uniform,11150.5820664968,0.189304792846834,4.90138194637799e-05,Gau,11150.5820664968
512,4,"Kimbe, high autocorrelation",1.62,uniform,11166.5438900843,0.162693685673843,0.000122927951497732,Gau,11166.5438900843
513,4,"Kimbe, high autocorrelation",1.62,uniform,9837.84562078226,0.17376300489932,3.62245615201398e-05,Gau,9837.84562078226
514,4,"Kimbe, high autocorrelation",1.62,uniform,11229.7229144333,0.188146695496088,3.96445383576308e-05,Gau,11229.7229144333
515,4,"Kimbe, high autocorrelation",1.62,uniform,11277.0230722111,0.264384368550061,4.83347718772195e-05,Gau,11277.0230722111
516,4,"Kimbe, high autocorrelation",1.62,uniform,9737.26774911514,0.184710899105425,8.44917663083689e-05,Gau,9737.26774911514
517,4,"Kimbe, high autocorrelation",1.62,uniform,9704.13080125672,0.229622934680532,6.95841494395784e-05,Gau,9704.13080125672
518,4,"Kimbe, high autocorrelation",1.62,uniform,11357.0177633772,0.195035251555496,5.90095113046505e-05,Gau,11357.0177633772
